users,request_per_user,throughput_req_per_sec,total_failure,total_requests,failure_percent
2,2,0.03331702699304538,4,4,100.0
2,4,0.033321915108529936,8,8,100.0
2,6,0.03331878877578779,12,12,100.0
4,1,0.0666340785985883,4,4,100.0
4,2,0.06663143471158724,8,8,100.0
4,3,0.06662502383821689,12,12,100.0
