users,request_per_user,throughput_req_per_sec,total_failure,total_requests,failure_percent
2,2,0.03331902495882382,4,4,100.0
2,4,0.03331946797647224,8,8,100.0
2,6,0.03331806782947391,12,12,100.0
4,1,0.06663881300504058,4,4,100.0
4,2,0.0666316550164642,8,8,100.0
4,3,0.06662884572020869,12,12,100.0
