users,request_per_user,throughput_req_per_sec,total_failure,total_requests,failure_percent
2,2,0.04131005165534216,1,4,25.0
2,4,0.04231493026557998,0,8,0.0
2,6,0.04414151669968519,0,12,0.0
4,1,0.0666242197050961,2,4,50.0
4,2,0.07089493408213511,4,8,50.0
4,3,0.06956536824884661,8,12,66.66666666666666
