users,request_per_user,throughput_req_per_sec,total_failure,total_requests,failure_percent
2,2,0.05560143987879659,0,4,0.0
2,4,0.0547904028240642,0,8,0.0
2,6,0.06110549626549045,1,12,8.333333333333332
4,1,0.06663967166468229,1,4,25.0
4,2,0.06981008466528552,4,8,50.0
4,3,0.0666353882919766,8,12,66.66666666666666
